dataset,method,bag,best_mean,best_sample_std,normal_n,divergence_n
CIFAR10,PM,16,93.31333333333333,0.1850225211517078,3,0
CIFAR10,PM,32,91.29333333333334,0.1069267662156336,3,0
CIFAR10,PM,64,86.29666666666667,0.4508140784551177,3,0
CIFAR10,PM,128,72.94,1.6364290390970229,3,0
CIFAR10,DSQ,16,93.62333333333333,0.188237438713275,3,0
CIFAR10,DSQ,32,91.97333333333333,0.43558389930451774,3,0
CIFAR10,DSQ,64,87.22333333333333,0.5315386470740714,3,0
CIFAR10,DSQ,128,64.64666666666666,2.5564493606041414,3,0
CIFAR10,LLP-PVC,16,92.30333333333334,0.055075705472860385,3,0
CIFAR10,LLP-PVC,32,90.46000000000001,0.23515952032609638,3,0
CIFAR10,LLP-PVC,64,85.28666666666666,0.6871923554095553,3,0
CIFAR10,LLP-PVC,128,64.09333333333333,2.0583083669201083,3,0
CIFAR10,LLP-FC,16,56.22,1.465639792036225,3,0
CIFAR10,LLP-FC,32,39.49,0.6850547423381567,3,0
CIFAR10,LLP-FC,64,34.28666666666667,0.18717193521821718,3,0
CIFAR10,LLP-FC,128,72.65,1.0358088626768864,3,0
CIFAR10,ROT,16,93.52666666666667,0.07023769168569186,3,0
CIFAR10,ROT,32,92.05,0.09539392014169346,3,0
CIFAR10,ROT,64,87.14333333333333,0.15044378795195548,3,0
CIFAR10,ROT,128,59.96333333333334,2.2074948093559263,3,0
CIFAR10,EasyLLP,16,10.896666666666667,1.2512527056247809,0,3
CIFAR10,EasyLLP,32,10.9,1.2552688954961002,0,3
CIFAR10,EasyLLP,64,10.87,1.1981652640600133,0,3
CIFAR10,EasyLLP,128,10.776666666666666,1.1551767541520794,0,3
CIFAR10,EasyLLP-ABS,16,32.473333333333336,1.3078353617077851,3,0
CIFAR10,EasyLLP-ABS,32,26.933333333333334,1.304964878199152,3,0
CIFAR10,EasyLLP-ABS,64,23.883333333333333,0.3455912807542097,3,0
CIFAR10,EasyLLP-ABS,128,19.73,1.646845469374707,3,0
CIFAR10,GeneralUPM,16,10.896666666666667,1.2512527056247809,0,3
CIFAR10,GeneralUPM,32,10.9,1.2552688954961002,0,3
CIFAR10,GeneralUPM,64,10.87,1.1981652640600133,0,3
CIFAR10,GeneralUPM,128,10.776666666666666,1.1551767541520794,0,3
CIFAR10,GeneralUPM-ABS,16,32.473333333333336,1.3078353617077851,3,0
CIFAR10,GeneralUPM-ABS,32,26.933333333333334,1.304964878199152,3,0
CIFAR10,GeneralUPM-ABS,64,22.326666666666668,1.8434297744512365,3,0
CIFAR10,GeneralUPM-ABS,128,20.25,1.3260467563400615,3,0
CIFAR10,FlowLLP,16,93.16,0.16370705543745984,3,0
CIFAR10,FlowLLP,32,91.20333333333333,0.1686218649325564,3,0
CIFAR10,FlowLLP,64,83.96000000000001,0.2816025568065727,3,0
CIFAR10,FlowLLP,128,69.56,1.0983168941612418,3,0
CIFAR10,LLP-MM,16,94.04,0.19974984355437975,3,0
CIFAR10,LLP-MM,32,92.33,0.10440306508910992,3,0
CIFAR10,LLP-MM,64,89.12,0.42508822613664565,3,0
CIFAR10,LLP-MM,128,75.18666666666667,2.138371654631943,3,0
CIFAR100,PM,16,71.35000000000001,0.1997498435543812,3,0
CIFAR100,PM,32,66.21,0.6750555532695001,3,0
CIFAR100,PM,64,57.78,0.7233947746562732,3,0
CIFAR100,PM,128,46.06333333333333,1.0190354916946407,3,0
CIFAR100,DSQ,16,72.33,0.14730919862656391,3,0
CIFAR100,DSQ,32,67.59333333333333,1.0372238588334468,3,0
CIFAR100,DSQ,64,54.33333333333333,2.3089896780482477,3,0
CIFAR100,DSQ,128,35.589999999999996,1.8592202666709514,3,0
CIFAR100,LLP-PVC,16,65.03,0.5532630477449244,3,0
CIFAR100,LLP-PVC,32,61.13,0.6755738301621873,3,0
CIFAR100,LLP-PVC,64,50.67333333333333,0.6887912117131959,3,0
CIFAR100,LLP-PVC,128,29.77,0.7448489779814444,3,0
CIFAR100,LLP-FC,16,71.44,0.5102940328869283,3,0
CIFAR100,LLP-FC,32,66.59,0.5026927491022725,3,0
CIFAR100,LLP-FC,64,58.44,1.023279043076724,3,0
CIFAR100,LLP-FC,128,46.19,0.6581793068761728,3,0
CIFAR100,ROT,16,72.05666666666667,0.10263202878893896,3,0
CIFAR100,ROT,32,66.68333333333334,0.27790885796127063,3,0
CIFAR100,ROT,64,48.45333333333333,0.1154700538379268,3,0
CIFAR100,ROT,128,29.426666666666666,1.1154072499913796,3,0
CIFAR100,EasyLLP,16,0.9,0.017320508075688787,0,3
CIFAR100,EasyLLP,32,0.8966666666666666,0.015275252316519468,0,3
CIFAR100,EasyLLP,64,0.8999999999999999,0.019999999999999962,0,3
CIFAR100,EasyLLP,128,0.8999999999999999,0.019999999999999962,0,3
CIFAR100,EasyLLP-ABS,16,7.07,0.2905167809266791,3,0
CIFAR100,EasyLLP-ABS,32,4.946666666666667,0.4147690120215507,3,0
CIFAR100,EasyLLP-ABS,64,3.216666666666667,0.35360052790307506,3,0
CIFAR100,EasyLLP-ABS,128,2.5433333333333334,0.2715388247255507,3,0
CIFAR100,GeneralUPM,16,0.9,0.017320508075688787,0,3
CIFAR100,GeneralUPM,32,0.8966666666666666,0.015275252316519468,0,3
CIFAR100,GeneralUPM,64,0.8999999999999999,0.019999999999999962,0,3
CIFAR100,GeneralUPM,128,0.8999999999999999,0.019999999999999962,0,3
CIFAR100,GeneralUPM-ABS,16,7.143333333333333,0.3592121007612816,3,0
CIFAR100,GeneralUPM-ABS,32,4.74,0.05567764362830039,3,0
CIFAR100,GeneralUPM-ABS,64,3.256666666666667,0.2893671255228095,3,0
CIFAR100,GeneralUPM-ABS,128,2.56,0.24879710609249464,3,0
CIFAR100,FlowLLP,16,70.40666666666667,0.10785793124909096,3,0
CIFAR100,FlowLLP,32,65.12,0.0655743852430243,3,0
CIFAR100,FlowLLP,64,55.14666666666667,0.3899145205469177,3,0
CIFAR100,FlowLLP,128,42.62,0.5211525688318183,3,0
CIFAR100,LLP-MM,16,72.23666666666666,0.6650062656346422,3,0
CIFAR100,LLP-MM,32,67.89333333333333,0.6721111019268546,3,0
CIFAR100,LLP-MM,64,58.836666666666666,0.6460908088909272,3,0
CIFAR100,LLP-MM,128,45.656666666666666,0.5020292156173127,3,0
miniImageNet,PM,16,65.20666666666666,0.7614022152143569,3,0
miniImageNet,PM,32,56.36666666666667,0.10214368964029705,3,0
miniImageNet,PM,64,44.06333333333333,1.7807957023008916,3,0
miniImageNet,PM,128,30.176666666666666,0.8966790581547741,3,0
miniImageNet,DSQ,16,66.03,0.27055498516937654,3,0
miniImageNet,DSQ,32,55.79,1.3639648089302046,3,0
miniImageNet,DSQ,64,37.02333333333333,2.74585748598381,3,0
miniImageNet,DSQ,128,19.56,0.1452583904633391,3,0
miniImageNet,LLP-PVC,16,58.77,0.3897435053980937,3,0
miniImageNet,LLP-PVC,32,52.49666666666666,1.0996514599332545,3,0
miniImageNet,LLP-PVC,64,27.91,8.106682428712746,3,0
miniImageNet,LLP-PVC,128,15.31,1.0209309477138995,3,0
miniImageNet,LLP-FC,16,65.53333333333335,0.6226823695378971,3,0
miniImageNet,LLP-FC,32,56.413333333333334,0.6123180001709302,3,0
miniImageNet,LLP-FC,64,44.263333333333335,1.0071908127725013,3,0
miniImageNet,LLP-FC,128,30.3,1.0703737664946786,3,0
miniImageNet,ROT,16,67.29333333333334,0.39513710700633237,3,0
miniImageNet,ROT,32,58.156666666666666,0.8727160668472508,3,0
miniImageNet,ROT,64,33.94,1.8881737208212614,3,0
miniImageNet,ROT,128,17.83,1.317307860752375,3,0
miniImageNet,EasyLLP,16,1.0366666666666666,0.04725815626252613,0,3
miniImageNet,EasyLLP,32,1.01,0.010000000000000009,1,2
miniImageNet,EasyLLP,64,1.0066666666666666,0.005773502691896263,0,3
miniImageNet,EasyLLP,128,1.0066666666666666,0.005773502691896263,1,2
miniImageNet,EasyLLP-ABS,16,5.3133333333333335,0.07371114795832022,3,0
miniImageNet,EasyLLP-ABS,32,3.376666666666667,0.3288363321370272,3,0
miniImageNet,EasyLLP-ABS,64,2.8566666666666665,0.11930353445448852,3,0
miniImageNet,EasyLLP-ABS,128,2.2666666666666666,0.050332229568471505,3,0
miniImageNet,GeneralUPM,16,1.0366666666666666,0.04725815626252613,0,3
miniImageNet,GeneralUPM,32,1.01,0.010000000000000009,1,2
miniImageNet,GeneralUPM,64,1.0066666666666666,0.005773502691896263,2,1
miniImageNet,GeneralUPM,128,1.0066666666666666,0.005773502691896263,1,2
miniImageNet,GeneralUPM-ABS,16,5.3133333333333335,0.07371114795832022,3,0
miniImageNet,GeneralUPM-ABS,32,3.46,0.259422435421457,3,0
miniImageNet,GeneralUPM-ABS,64,2.78,0.18681541692269388,3,0
miniImageNet,GeneralUPM-ABS,128,2.1933333333333334,0.07023769168568475,3,0
miniImageNet,FlowLLP,16,61.86,0.8842510955605342,3,0
miniImageNet,FlowLLP,32,51.56,0.43034869582700364,3,0
miniImageNet,FlowLLP,64,37.443333333333335,0.4532475409015885,3,0
miniImageNet,FlowLLP,128,25.673333333333336,0.5337914698956258,3,0
miniImageNet,LLP-MM,16,66.99333333333334,0.6757465007925229,3,0
miniImageNet,LLP-MM,32,59.64666666666666,0.9655223111525352,3,0
miniImageNet,LLP-MM,64,45.913333333333334,1.6280151514446484,3,0
miniImageNet,LLP-MM,128,28.356666666666666,0.7059981114233493,3,0
