method,macro_f1_mean,macro_f1_std,balanced_accuracy_mean,balanced_accuracy_std,weighted_f1_mean,weighted_f1_std,seeds,epochs
PM,38.33,0.41,38.78,0.78,60.71,0.60,"0;1;2",100
DSQ,33.70,1.87,34.68,1.91,59.96,1.34,"0;1;2",100
LLP-PVC,38.35,11.75,39.26,10.24,61.87,5.96,"0;1;2",100
LLP-FC,39.10,1.15,40.23,1.10,61.57,0.43,"0;1;2",100
ROT,39.85,0.71,39.60,0.68,60.89,0.17,"0;1;2",100
EasyLLP,16.69,0.73,22.23,0.19,46.08,0.72,"0;1;2",100
EasyLLP-ABS,16.08,0.30,18.78,0.51,39.97,2.35,"0;1;2",100
GeneralUPM,16.82,0.56,22.21,0.02,45.41,0.10,"0;1;2",100
GeneralUPM-ABS,14.12,3.45,18.55,1.82,35.01,2.83,"0;1;2",100
LLP-MM,45.79,1.05,45.52,1.00,63.80,0.26,"0;1;2",100
