dataset,bag_mode,bag_size,method,n_runs,seeds,selection,epoch,mean_accuracy_percent,sample_std_accuracy_percent,std_ddof,evidence_level
cifar10,random,16,LLP-GAN,3,0;1;2,final_epoch,500,92.8400000000,0.0264575131,1,recomputed_from_archived_per_seed_extract
cifar10,random,16,MM+GAN,3,0;1;2,final_epoch,500,93.4633333333,0.1285820101,1,recomputed_from_archived_per_seed_extract
cifar10,random,32,LLP-GAN,3,0;1;2,final_epoch,500,88.7933333333,0.3442867022,1,recomputed_from_archived_per_seed_extract
cifar10,random,32,MM+GAN,3,0;1;2,final_epoch,500,91.0666666667,0.2753785274,1,recomputed_from_archived_per_seed_extract
cifar10,random,64,LLP-GAN,3,0;1;2,final_epoch,500,77.7100000000,1.2756566936,1,recomputed_from_archived_per_seed_extract
cifar10,random,64,MM+GAN,3,0;1;2,final_epoch,500,80.4400000000,1.0595753867,1,recomputed_from_archived_per_seed_extract
cifar10,random,128,LLP-GAN,3,0;1;2,final_epoch,500,57.7533333333,2.8800231481,1,recomputed_from_archived_per_seed_extract
cifar10,random,128,MM+GAN,3,0;1;2,final_epoch,500,67.1900000000,1.3670040234,1,recomputed_from_archived_per_seed_extract
cifar10,cluster,16,LLP-GAN,3,0;1;2,final_epoch,500,92.6133333333,0.0907377173,1,recomputed_from_archived_per_seed_extract
cifar10,cluster,16,MM+GAN,3,0;1;2,final_epoch,500,93.5433333333,0.0550757055,1,recomputed_from_archived_per_seed_extract
cifar10,cluster,32,LLP-GAN,3,0;1;2,final_epoch,500,90.1633333333,0.1386842938,1,recomputed_from_archived_per_seed_extract
cifar10,cluster,32,MM+GAN,3,0;1;2,final_epoch,500,91.6700000000,0.1808314132,1,recomputed_from_archived_per_seed_extract
cifar10,cluster,64,LLP-GAN,3,0;1;2,final_epoch,500,84.9200000000,0.7313685801,1,recomputed_from_archived_per_seed_extract
cifar10,cluster,64,MM+GAN,3,0;1;2,final_epoch,500,86.9366666667,0.3524674926,1,recomputed_from_archived_per_seed_extract
cifar10,cluster,128,LLP-GAN,3,0;1;2,final_epoch,500,76.0766666667,0.9849027025,1,recomputed_from_archived_per_seed_extract
cifar10,cluster,128,MM+GAN,3,0;1;2,final_epoch,500,76.3566666667,1.9469292060,1,recomputed_from_archived_per_seed_extract
cifar10,alphafirst,16,LLP-GAN,3,0;1;2,final_epoch,500,90.8500000000,0.5117616633,1,recomputed_from_archived_per_seed_extract
cifar10,alphafirst,16,MM+GAN,3,0;1;2,final_epoch,500,93.2833333333,0.1361371857,1,recomputed_from_archived_per_seed_extract
cifar10,alphafirst,32,LLP-GAN,3,0;1;2,final_epoch,500,74.5566666667,0.4244211745,1,recomputed_from_archived_per_seed_extract
cifar10,alphafirst,32,MM+GAN,3,0;1;2,final_epoch,500,88.0066666667,1.0516811938,1,recomputed_from_archived_per_seed_extract
cifar10,alphafirst,64,LLP-GAN,3,0;1;2,final_epoch,500,69.3166666667,4.1501967825,1,recomputed_from_archived_per_seed_extract
cifar10,alphafirst,64,MM+GAN,3,0;1;2,final_epoch,500,76.8233333333,4.2445415928,1,recomputed_from_archived_per_seed_extract
cifar10,alphafirst,128,LLP-GAN,3,0;1;2,final_epoch,500,65.9733333333,2.1496356280,1,recomputed_from_archived_per_seed_extract
cifar10,alphafirst,128,MM+GAN,3,0;1;2,final_epoch,500,72.9133333333,5.6514187009,1,recomputed_from_archived_per_seed_extract
