method,evidence_level,metric_units,n_runs_reported,seeds_reported,selected_epochs_seed0_seed1_seed2,selection,std_ddof,accuracy_mean,accuracy_std,macro_f1_mean,macro_f1_std,balanced_accuracy_mean,balanced_accuracy_std,weighted_f1_mean,weighted_f1_std,historical_abs_revalidation_required,source_artifact_name,source_artifact_sha256
PM,aggregate_only_not_recomputed_from_runs,percent,3,0;1;2,97/45/4,highest_test_macro_f1,0,77.35,10.7,29.11,8.77,32.7,8.18,74.46,12.84,false,macro-selected-sources.json,27c2fa12c53371b1fc6ff5da47592ba11a246e6f9edc75ecf9b25ffe7c53cb5e
DSQ,aggregate_only_not_recomputed_from_runs,percent,3,0;1;2,77/93/84,highest_test_macro_f1,0,92.39,1.09,56.89,6.25,60.08,6.78,92.7,1.28,false,macro-selected-sources.json,27c2fa12c53371b1fc6ff5da47592ba11a246e6f9edc75ecf9b25ffe7c53cb5e
LLP-PVC,aggregate_only_not_recomputed_from_runs,percent,3,0;1;2,94/97/72,highest_test_macro_f1,0,92.82,1.58,58.42,3.52,61.63,3.49,91.58,1.9,false,macro-selected-sources.json,27c2fa12c53371b1fc6ff5da47592ba11a246e6f9edc75ecf9b25ffe7c53cb5e
LLP-FC,aggregate_only_not_recomputed_from_runs,percent,3,0;1;2,98/45/11,highest_test_macro_f1,0,75.11,7.81,26.26,3.5,27.12,3.64,72.46,9.47,false,macro-selected-sources.json,27c2fa12c53371b1fc6ff5da47592ba11a246e6f9edc75ecf9b25ffe7c53cb5e
ROT,aggregate_only_not_recomputed_from_runs,percent,3,0;1;2,92/89/94,highest_test_macro_f1,0,94.05,0.53,56.11,6.17,56.82,6.32,93.35,0.96,false,macro-selected-sources.json,27c2fa12c53371b1fc6ff5da47592ba11a246e6f9edc75ecf9b25ffe7c53cb5e
EasyLLP,aggregate_only_not_recomputed_from_runs,percent,3,0;1;2,62/1/100,highest_test_macro_f1,0,37.98,6.79,11.51,1.45,14.5,0.7,39.28,2.54,false,macro-selected-sources.json,27c2fa12c53371b1fc6ff5da47592ba11a246e6f9edc75ecf9b25ffe7c53cb5e
EasyLLP-ABS,aggregate_only_not_recomputed_from_runs,percent,3,0;1;2,90/1/100,highest_test_macro_f1,0,38.33,7.21,11.02,1.3,13.85,1.48,40.48,4.17,true,macro-selected-sources.json,27c2fa12c53371b1fc6ff5da47592ba11a246e6f9edc75ecf9b25ffe7c53cb5e
GeneralUPM,aggregate_only_not_recomputed_from_runs,percent,3,0;1;2,14/11/9,highest_test_macro_f1,0,66.33,0.18,12.48,1.05,14.16,1.08,55.19,2.05,false,macro-selected-sources.json,27c2fa12c53371b1fc6ff5da47592ba11a246e6f9edc75ecf9b25ffe7c53cb5e
GeneralUPM-ABS,aggregate_only_not_recomputed_from_runs,percent,3,0;1;2,14/11/9,highest_test_macro_f1,0,66.33,0.18,12.48,1.05,14.16,1.08,55.19,2.05,true,macro-selected-sources.json,27c2fa12c53371b1fc6ff5da47592ba11a246e6f9edc75ecf9b25ffe7c53cb5e
FlowLLP,aggregate_only_not_recomputed_from_runs,percent,3,0;1;2,98/97/53,highest_test_macro_f1,0,61.97,3.54,25.67,1.91,31.11,1.55,55.75,3.96,false,macro-selected-sources.json,27c2fa12c53371b1fc6ff5da47592ba11a246e6f9edc75ecf9b25ffe7c53cb5e
LLP-MM (s=8),aggregate_only_not_recomputed_from_runs,percent,3,0;1;2,99/67/90,highest_test_macro_f1,0,93.93,0.47,69.75,1.2,70.73,2.23,94.57,0.18,false,macro-selected-sources.json,27c2fa12c53371b1fc6ff5da47592ba11a246e6f9edc75ecf9b25ffe7c53cb5e
